metric,value
r2,-0.013705889397348736
mse,0.810126582278481
mar,0.6337280522662311
