"metric","value"
"RMSE",0.735995300557422
"Rsquare",0.323596451560653
