{
 "RMSE": 0.7008408,
"Rsquare": 0.3584233 
}
