metric,value
r2,-0.03352523790616946
mse,0.8072682727643936
mar,0.6325030624744794
