metric,value
r2,-0.016210786425410406
mse,0.7811351572070233
mar,0.6227031441404655
