metric,value
r2,-0.02176930667935495
mse,0.8227848101265823
mar,0.6316864026133115
