metric,value
r2,-0.014422047931219373
mse,0.8187015108207432
mar,0.6316864026133115
