metric,value
r2,-0.022878464837220447
mse,0.7880767660269498
mar,0.6288280930992242
