metric, value
correct_class, 0.8699349674837419
mean_log_loss, 0.8609149489433804
