metric,value
r2,0.2754051317641314
mse,0.556692120341444
mar,0.5821255059946424
