metric,value
r2,-0.027603496705431496
mse,0.8093099224173131
mar,0.6271947733768886
