metric,value
r2,0.26088205432036404
mse,0.558607740889443
mar,0.5797180585147418
