metric,value
r2,0.2685291922159979
mse,0.574734772908873
mar,0.5898603489931714
