metric,value
r2,0.2591495662079847
mse,0.5746871810547106
mar,0.5896074444731428
