metric, value
correct_class, 0.4829308909242298
mean_log_loss, 3.5708984460143043
